<?xml version="1.0" encoding="utf-8"?>
<odoo>
    <data noupdate="1">
        <record model="ir.module.category" id="module_category_construction">
            <field name="name">Job Costing Contracting Managements</field>
            <field name="sequence">3</field>
            <field name="visible" eval="0" />
        </record>

        <!--Multi Company Record rules-->

        <record model="ir.rule" id="custom_job_costing_comp_rule">
            <field name="name">Job Costing multi-company</field>
            <field name="model_id" ref="model_job_costing"/>
            <field name="global" eval="True"/>
            <field name="domain_force">['|', ('company_id', '=', False), ('company_id', 'in', company_ids)]</field>
        </record>

        <record model="ir.rule" id="custom_job_cost_line_comp_rule">
            <field name="name">Job Cost Line multi-company</field>
            <field name="model_id" ref="model_job_cost_line"/>
            <field name="global" eval="True"/>
            <field name="domain_force">['|', ('direct_id.company_id', '=', False), ('direct_id.company_id', 'in', company_ids)]</field>
        </record>
    </data>
</odoo>
